id,answer
ARC_test_000000,answer1
ARC_test_000001,answer1
ARC_test_000002,answer1
ARC_test_000003,answer1
ARC_test_000004,answer1
ARC_test_000005,answer1
ARC_test_000006,answer1
ARC_test_000007,answer1
ARC_test_000008,answer1
ARC_test_000009,answer1
ARC_test_000010,answer1
ARC_test_000011,answer1
ARC_test_000012,answer1
ARC_test_000013,answer1
ARC_test_000014,answer1
ARC_test_000015,answer1
ARC_test_000016,answer1
ARC_test_000017,answer1
ARC_test_000018,answer1
ARC_test_000019,answer1
ARC_test_000020,answer1
ARC_test_000021,answer1
ARC_test_000022,answer1
ARC_test_000023,answer1
ARC_test_000024,answer1
ARC_test_000025,answer1
ARC_test_000026,answer1
ARC_test_000027,answer1
ARC_test_000028,answer1
ARC_test_000029,answer1
ARC_test_000030,answer1
ARC_test_000031,answer1
ARC_test_000032,answer1
ARC_test_000033,answer1
ARC_test_000034,answer1
ARC_test_000035,answer1
ARC_test_000036,answer1
ARC_test_000037,answer1
ARC_test_000038,answer1
ARC_test_000039,answer1
ARC_test_000040,answer1
ARC_test_000041,answer1
ARC_test_000042,answer1
ARC_test_000043,answer1
ARC_test_000044,answer1
ARC_test_000045,answer1
ARC_test_000046,answer1
ARC_test_000047,answer1
ARC_test_000048,answer1
ARC_test_000049,answer1
ARC_test_000050,answer1
ARC_test_000051,answer1
ARC_test_000052,answer1
ARC_test_000053,answer1
ARC_test_000054,answer1
ARC_test_000055,answer1
ARC_test_000056,answer1
ARC_test_000057,answer1
ARC_test_000058,answer1
ARC_test_000059,answer1
ARC_test_000060,answer1
ARC_test_000061,answer1
ARC_test_000062,answer1
ARC_test_000063,answer1
ARC_test_000064,answer1
ARC_test_000065,answer1
ARC_test_000066,answer1
ARC_test_000067,answer1
ARC_test_000068,answer1
ARC_test_000069,answer1
ARC_test_000070,answer1
ARC_test_000071,answer1
ARC_test_000072,answer1
ARC_test_000073,answer1
ARC_test_000074,answer1
ARC_test_000075,answer1
ARC_test_000076,answer1
ARC_test_000077,answer1
ARC_test_000078,answer1
ARC_test_000079,answer1
ARC_test_000080,answer1
ARC_test_000081,answer1
ARC_test_000082,answer1
ARC_test_000083,answer1
ARC_test_000084,answer1
ARC_test_000085,answer1
ARC_test_000086,answer1
ARC_test_000087,answer1
ARC_test_000088,answer1
ARC_test_000089,answer1
ARC_test_000090,answer1
ARC_test_000091,answer1
ARC_test_000092,answer1
ARC_test_000093,answer1
ARC_test_000094,answer1
ARC_test_000095,answer1
ARC_test_000096,answer1
ARC_test_000097,answer1
ARC_test_000098,answer1
ARC_test_000099,answer1
ARC_test_000100,answer1
ARC_test_000101,answer1
ARC_test_000102,answer1
ARC_test_000103,answer1
ARC_test_000104,answer1
ARC_test_000105,answer1
ARC_test_000106,answer1
ARC_test_000107,answer1
ARC_test_000108,answer1
ARC_test_000109,answer1
ARC_test_000110,answer1
ARC_test_000111,answer1
ARC_test_000112,answer1
ARC_test_000113,answer1
ARC_test_000114,answer1
ARC_test_000115,answer1
ARC_test_000116,answer1
ARC_test_000117,answer1
ARC_test_000118,answer1
ARC_test_000119,answer1
ARC_test_000120,answer1
ARC_test_000121,answer1
ARC_test_000122,answer1
ARC_test_000123,answer1
ARC_test_000124,answer1
ARC_test_000125,answer1
ARC_test_000126,answer1
ARC_test_000127,answer1
ARC_test_000128,answer1
ARC_test_000129,answer1
ARC_test_000130,answer1
ARC_test_000131,answer1
ARC_test_000132,answer1
ARC_test_000133,answer1
ARC_test_000134,answer1
ARC_test_000135,answer1
ARC_test_000136,answer1
ARC_test_000137,answer1
ARC_test_000138,answer1
ARC_test_000139,answer1
ARC_test_000140,answer1
ARC_test_000141,answer1
ARC_test_000142,answer1
ARC_test_000143,answer1
ARC_test_000144,answer1
ARC_test_000145,answer1
ARC_test_000146,answer1
ARC_test_000147,answer1
ARC_test_000148,answer1
ARC_test_000149,answer1
ARC_test_000150,answer1
ARC_test_000151,answer1
ARC_test_000152,answer1
ARC_test_000153,answer1
ARC_test_000154,answer1
ARC_test_000155,answer1
ARC_test_000156,answer1
ARC_test_000157,answer1
ARC_test_000158,answer1
ARC_test_000159,answer1
ARC_test_000160,answer1
ARC_test_000161,answer1
ARC_test_000162,answer1
ARC_test_000163,answer1
ARC_test_000164,answer1
ARC_test_000165,answer1
ARC_test_000166,answer1
ARC_test_000167,answer1
ARC_test_000168,answer1
ARC_test_000169,answer1
ARC_test_000170,answer1
ARC_test_000171,answer1
ARC_test_000172,answer1
ARC_test_000173,answer1
ARC_test_000174,answer1
ARC_test_000175,answer1
ARC_test_000176,answer1
ARC_test_000177,answer1
ARC_test_000178,answer1
ARC_test_000179,answer1
ARC_test_000180,answer1
ARC_test_000181,answer1
ARC_test_000182,answer1
ARC_test_000183,answer1
ARC_test_000184,answer1
ARC_test_000185,answer1
ARC_test_000186,answer1
ARC_test_000187,answer1
ARC_test_000188,answer1
ARC_test_000189,answer1
ARC_test_000190,answer1
ARC_test_000191,answer1
ARC_test_000192,answer1
ARC_test_000193,answer1
ARC_test_000194,answer1
ARC_test_000195,answer1
ARC_test_000196,answer1
ARC_test_000197,answer1
ARC_test_000198,answer1
ARC_test_000199,answer1
ARC_test_000200,answer1
ARC_test_000201,answer1
ARC_test_000202,answer1
ARC_test_000203,answer1
ARC_test_000204,answer1
ARC_test_000205,answer1
ARC_test_000206,answer1
ARC_test_000207,answer1
ARC_test_000208,answer1
ARC_test_000209,answer1
ARC_test_000210,answer1
ARC_test_000211,answer1
ARC_test_000212,answer1
ARC_test_000213,answer1
ARC_test_000214,answer1
ARC_test_000215,answer1
ARC_test_000216,answer1
ARC_test_000217,answer1
ARC_test_000218,answer1
ARC_test_000219,answer1
ARC_test_000220,answer1
ARC_test_000221,answer1
ARC_test_000222,answer1
ARC_test_000223,answer1
ARC_test_000224,answer1
ARC_test_000225,answer1
ARC_test_000226,answer1
ARC_test_000227,answer1
ARC_test_000228,answer1
ARC_test_000229,answer1
ARC_test_000230,answer1
ARC_test_000231,answer1
ARC_test_000232,answer1
ARC_test_000233,answer1
ARC_test_000234,answer1
ARC_test_000235,answer1
ARC_test_000236,answer1
ARC_test_000237,answer1
ARC_test_000238,answer1
ARC_test_000239,answer1
ARC_test_000240,answer1
ARC_test_000241,answer1
ARC_test_000242,answer1
ARC_test_000243,answer1
ARC_test_000244,answer1
ARC_test_000245,answer1
ARC_test_000246,answer1
ARC_test_000247,answer1
ARC_test_000248,answer1
ARC_test_000249,answer1
ARC_test_000250,answer1
ARC_test_000251,answer1
ARC_test_000252,answer1
ARC_test_000253,answer1
ARC_test_000254,answer1
ARC_test_000255,answer1
ARC_test_000256,answer1
ARC_test_000257,answer1
ARC_test_000258,answer1
ARC_test_000259,answer1
ARC_test_000260,answer1
ARC_test_000261,answer1
ARC_test_000262,answer1
ARC_test_000263,answer1
ARC_test_000264,answer1
ARC_test_000265,answer1
ARC_test_000266,answer1
ARC_test_000267,answer1
ARC_test_000268,answer1
ARC_test_000269,answer1
ARC_test_000270,answer1
ARC_test_000271,answer1
ARC_test_000272,answer1
ARC_test_000273,answer1
ARC_test_000274,answer1
ARC_test_000275,answer1
ARC_test_000276,answer1
ARC_test_000277,answer1
ARC_test_000278,answer1
ARC_test_000279,answer1
ARC_test_000280,answer1
ARC_test_000281,answer1
ARC_test_000282,answer1
ARC_test_000283,answer1
ARC_test_000284,answer1
ARC_test_000285,answer1
ARC_test_000286,answer1
ARC_test_000287,answer1
ARC_test_000288,answer1
ARC_test_000289,answer1
ARC_test_000290,answer1
ARC_test_000291,answer1
ARC_test_000292,answer1
ARC_test_000293,answer1
ARC_test_000294,answer1
ARC_test_000295,answer1
ARC_test_000296,answer1
ARC_test_000297,answer1
ARC_test_000298,answer1
ARC_test_000299,answer1
ARC_test_000300,answer1
ARC_test_000301,answer1
ARC_test_000302,answer1
ARC_test_000303,answer1
ARC_test_000304,answer1
ARC_test_000305,answer1
ARC_test_000306,answer1
ARC_test_000307,answer1
ARC_test_000308,answer1
ARC_test_000309,answer1
ARC_test_000310,answer1
ARC_test_000311,answer1
ARC_test_000312,answer1
ARC_test_000313,answer1
ARC_test_000314,answer1
ARC_test_000315,answer1
ARC_test_000316,answer1
ARC_test_000317,answer1
ARC_test_000318,answer1
ARC_test_000319,answer1
ARC_test_000320,answer1
ARC_test_000321,answer1
ARC_test_000322,answer1
ARC_test_000323,answer1
ARC_test_000324,answer1
ARC_test_000325,answer1
ARC_test_000326,answer1
ARC_test_000327,answer1
ARC_test_000328,answer1
ARC_test_000329,answer1
ARC_test_000330,answer1
ARC_test_000331,answer1
ARC_test_000332,answer1
ARC_test_000333,answer1
ARC_test_000334,answer1
ARC_test_000335,answer1
ARC_test_000336,answer1
ARC_test_000337,answer1
ARC_test_000338,answer1
ARC_test_000339,answer1
ARC_test_000340,answer1
ARC_test_000341,answer1
ARC_test_000342,answer1
ARC_test_000343,answer1
ARC_test_000344,answer1
ARC_test_000345,answer1
ARC_test_000346,answer1
ARC_test_000347,answer1
ARC_test_000348,answer1
ARC_test_000349,answer1
ARC_test_000350,answer1
ARC_test_000351,answer1
ARC_test_000352,answer1
ARC_test_000353,answer1
ARC_test_000354,answer1
ARC_test_000355,answer1
ARC_test_000356,answer1
ARC_test_000357,answer1
ARC_test_000358,answer1
ARC_test_000359,answer1
ARC_test_000360,answer1
ARC_test_000361,answer1
ARC_test_000362,answer1
ARC_test_000363,answer1
ARC_test_000364,answer1
ARC_test_000365,answer1
ARC_test_000366,answer1
ARC_test_000367,answer1
ARC_test_000368,answer1
ARC_test_000369,answer1
ARC_test_000370,answer1
ARC_test_000371,answer1
ARC_test_000372,answer1
ARC_test_000373,answer1
ARC_test_000374,answer1
ARC_test_000375,answer1
ARC_test_000376,answer1
ARC_test_000377,answer1
ARC_test_000378,answer1
ARC_test_000379,answer1
ARC_test_000380,answer1
ARC_test_000381,answer1
ARC_test_000382,answer1
ARC_test_000383,answer1
ARC_test_000384,answer1
ARC_test_000385,answer1
ARC_test_000386,answer1
ARC_test_000387,answer1
ARC_test_000388,answer1
ARC_test_000389,answer1
ARC_test_000390,answer1
ARC_test_000391,answer1
ARC_test_000392,answer1
ARC_test_000393,answer1
ARC_test_000394,answer1
ARC_test_000395,answer1
ARC_test_000396,answer1
ARC_test_000397,answer1
ARC_test_000398,answer1
ARC_test_000399,answer1
ARC_test_000400,answer1
ARC_test_000401,answer1
ARC_test_000402,answer1
ARC_test_000403,answer1
ARC_test_000404,answer1
ARC_test_000405,answer1
ARC_test_000406,answer1
ARC_test_000407,answer1
ARC_test_000408,answer1
ARC_test_000409,answer1
ARC_test_000410,answer1
ARC_test_000411,answer1
ARC_test_000412,answer1
ARC_test_000413,answer1
ARC_test_000414,answer1
ARC_test_000415,answer1
ARC_test_000416,answer1
ARC_test_000417,answer1
ARC_test_000418,answer1
ARC_test_000419,answer1
ARC_test_000420,answer1
ARC_test_000421,answer1
ARC_test_000422,answer1
ARC_test_000423,answer1
ARC_test_000424,answer1
ARC_test_000425,answer1
ARC_test_000426,answer1
ARC_test_000427,answer1
ARC_test_000428,answer1
ARC_test_000429,answer1
ARC_test_000430,answer1
ARC_test_000431,answer1
ARC_test_000432,answer1
ARC_test_000433,answer1
ARC_test_000434,answer1
ARC_test_000435,answer1
ARC_test_000436,answer1
ARC_test_000437,answer1
ARC_test_000438,answer1
ARC_test_000439,answer1
ARC_test_000440,answer1
ARC_test_000441,answer1
ARC_test_000442,answer1
ARC_test_000443,answer1
ARC_test_000444,answer1
ARC_test_000445,answer1
ARC_test_000446,answer1
ARC_test_000447,answer1
ARC_test_000448,answer1
ARC_test_000449,answer1
ARC_test_000450,answer1
ARC_test_000451,answer1
ARC_test_000452,answer1
ARC_test_000453,answer1
ARC_test_000454,answer1
ARC_test_000455,answer1
ARC_test_000456,answer1
ARC_test_000457,answer1
ARC_test_000458,answer1
ARC_test_000459,answer1
ARC_test_000460,answer1
ARC_test_000461,answer1
ARC_test_000462,answer1
ARC_test_000463,answer1
ARC_test_000464,answer1
ARC_test_000465,answer1
ARC_test_000466,answer1
ARC_test_000467,answer1
ARC_test_000468,answer1
ARC_test_000469,answer1
ARC_test_000470,answer1
ARC_test_000471,answer1
ARC_test_000472,answer1
ARC_test_000473,answer1
ARC_test_000474,answer1
ARC_test_000475,answer1
ARC_test_000476,answer1
ARC_test_000477,answer1
ARC_test_000478,answer1
ARC_test_000479,answer1
ARC_test_000480,answer1
ARC_test_000481,answer1
ARC_test_000482,answer1
ARC_test_000483,answer1
ARC_test_000484,answer1
ARC_test_000485,answer1
ARC_test_000486,answer1
ARC_test_000487,answer1
ARC_test_000488,answer1
ARC_test_000489,answer1
ARC_test_000490,answer1
ARC_test_000491,answer1
ARC_test_000492,answer1
ARC_test_000493,answer1
ARC_test_000494,answer1
ARC_test_000495,answer1
ARC_test_000496,answer1
ARC_test_000497,answer1
ARC_test_000498,answer1
ARC_test_000499,answer1
ARC_test_000500,answer1
ARC_test_000501,answer1
ARC_test_000502,answer1
ARC_test_000503,answer1
ARC_test_000504,answer1
ARC_test_000505,answer1
ARC_test_000506,answer1
ARC_test_000507,answer1
ARC_test_000508,answer1
ARC_test_000509,answer1
ARC_test_000510,answer1
ARC_test_000511,answer1
ARC_test_000512,answer1
ARC_test_000513,answer1
ARC_test_000514,answer1
ARC_test_000515,answer1
ARC_test_000516,answer1
ARC_test_000517,answer1
ARC_test_000518,answer1
ARC_test_000519,answer1
ARC_test_000520,answer1
ARC_test_000521,answer1
ARC_test_000522,answer1
ARC_test_000523,answer1
ARC_test_000524,answer1
ARC_test_000525,answer1
ARC_test_000526,answer1
ARC_test_000527,answer1
ARC_test_000528,answer1
ARC_test_000529,answer1
ARC_test_000530,answer1
ARC_test_000531,answer1
ARC_test_000532,answer1
ARC_test_000533,answer1
ARC_test_000534,answer1
ARC_test_000535,answer1
ARC_test_000536,answer1
ARC_test_000537,answer1
ARC_test_000538,answer1
ARC_test_000539,answer1
ARC_test_000540,answer1
ARC_test_000541,answer1
ARC_test_000542,answer1
ARC_test_000543,answer1
ARC_test_000544,answer1
ARC_test_000545,answer1
ARC_test_000546,answer1
ARC_test_000547,answer1
ARC_test_000548,answer1
ARC_test_000549,answer1
ARC_test_000550,answer1
ARC_test_000551,answer1
ARC_test_000552,answer1
ARC_test_000553,answer1
ARC_test_000554,answer1
ARC_test_000555,answer1
ARC_test_000556,answer1
ARC_test_000557,answer1
ARC_test_000558,answer1
ARC_test_000559,answer1
ARC_test_000560,answer1
ARC_test_000561,answer1
ARC_test_000562,answer1
ARC_test_000563,answer1
ARC_test_000564,answer1
ARC_test_000565,answer1
ARC_test_000566,answer1
ARC_test_000567,answer1
ARC_test_000568,answer1
ARC_test_000569,answer1
ARC_test_000570,answer1
ARC_test_000571,answer1
ARC_test_000572,answer1
ARC_test_000573,answer1
ARC_test_000574,answer1
ARC_test_000575,answer1
ARC_test_000576,answer1
ARC_test_000577,answer1
ARC_test_000578,answer1
ARC_test_000579,answer1
ARC_test_000580,answer1
ARC_test_000581,answer1
ARC_test_000582,answer1
ARC_test_000583,answer1
ARC_test_000584,answer1
ARC_test_000585,answer1
ARC_test_000586,answer1
ARC_test_000587,answer1
ARC_test_000588,answer1
ARC_test_000589,answer1
ARC_test_000590,answer1
ARC_test_000591,answer1
ARC_test_000592,answer1
ARC_test_000593,answer1
ARC_test_000594,answer1
ARC_test_000595,answer1
ARC_test_000596,answer1
ARC_test_000597,answer1
ARC_test_000598,answer1
ARC_test_000599,answer1
ARC_test_000600,answer1
ARC_test_000601,answer1
ARC_test_000602,answer1
ARC_test_000603,answer1
ARC_test_000604,answer1
ARC_test_000605,answer1
ARC_test_000606,answer1
ARC_test_000607,answer1
ARC_test_000608,answer1
ARC_test_000609,answer1
ARC_test_000610,answer1
ARC_test_000611,answer1
ARC_test_000612,answer1
ARC_test_000613,answer1
ARC_test_000614,answer1
ARC_test_000615,answer1
ARC_test_000616,answer1
ARC_test_000617,answer1
ARC_test_000618,answer1
ARC_test_000619,answer1
ARC_test_000620,answer1
ARC_test_000621,answer1
ARC_test_000622,answer1
ARC_test_000623,answer1
ARC_test_000624,answer1
ARC_test_000625,answer1
ARC_test_000626,answer1
ARC_test_000627,answer1
ARC_test_000628,answer1
ARC_test_000629,answer1
ARC_test_000630,answer1
ARC_test_000631,answer1
ARC_test_000632,answer1
ARC_test_000633,answer1
ARC_test_000634,answer1
ARC_test_000635,answer1
ARC_test_000636,answer1
ARC_test_000637,answer1
ARC_test_000638,answer1
ARC_test_000639,answer1
ARC_test_000640,answer1
ARC_test_000641,answer1
ARC_test_000642,answer1
ARC_test_000643,answer1
ARC_test_000644,answer1
ARC_test_000645,answer1
ARC_test_000646,answer1
ARC_test_000647,answer1
ARC_test_000648,answer1
ARC_test_000649,answer1
ARC_test_000650,answer1
ARC_test_000651,answer1
ARC_test_000652,answer1
ARC_test_000653,answer1
ARC_test_000654,answer1
ARC_test_000655,answer1
ARC_test_000656,answer1
ARC_test_000657,answer1
ARC_test_000658,answer1
ARC_test_000659,answer1
ARC_test_000660,answer1
ARC_test_000661,answer1
ARC_test_000662,answer1
ARC_test_000663,answer1
ARC_test_000664,answer1
ARC_test_000665,answer1
ARC_test_000666,answer1
ARC_test_000667,answer1
ARC_test_000668,answer1
ARC_test_000669,answer1
ARC_test_000670,answer1
ARC_test_000671,answer1
ARC_test_000672,answer1
ARC_test_000673,answer1
ARC_test_000674,answer1
ARC_test_000675,answer1
ARC_test_000676,answer1
ARC_test_000677,answer1
ARC_test_000678,answer1
ARC_test_000679,answer1
ARC_test_000680,answer1
ARC_test_000681,answer1
ARC_test_000682,answer1
ARC_test_000683,answer1
ARC_test_000684,answer1
ARC_test_000685,answer1
ARC_test_000686,answer1
ARC_test_000687,answer1
ARC_test_000688,answer1
ARC_test_000689,answer1
ARC_test_000690,answer1
ARC_test_000691,answer1
ARC_test_000692,answer1
ARC_test_000693,answer1
ARC_test_000694,answer1
ARC_test_000695,answer1
ARC_test_000696,answer1
ARC_test_000697,answer1
ARC_test_000698,answer1
ARC_test_000699,answer1
ARC_test_000700,answer1
ARC_test_000701,answer1
ARC_test_000702,answer1
ARC_test_000703,answer1
ARC_test_000704,answer1
ARC_test_000705,answer1
ARC_test_000706,answer1
ARC_test_000707,answer1
ARC_test_000708,answer1
ARC_test_000709,answer1
ARC_test_000710,answer1
ARC_test_000711,answer1
ARC_test_000712,answer1
ARC_test_000713,answer1
ARC_test_000714,answer1
ARC_test_000715,answer1
ARC_test_000716,answer1
ARC_test_000717,answer1
ARC_test_000718,answer1
ARC_test_000719,answer1
ARC_test_000720,answer1
ARC_test_000721,answer1
ARC_test_000722,answer1
ARC_test_000723,answer1
ARC_test_000724,answer1
ARC_test_000725,answer1
ARC_test_000726,answer1
ARC_test_000727,answer1
ARC_test_000728,answer1
ARC_test_000729,answer1
ARC_test_000730,answer1
ARC_test_000731,answer1
ARC_test_000732,answer1
ARC_test_000733,answer1
ARC_test_000734,answer1
ARC_test_000735,answer1
ARC_test_000736,answer1
ARC_test_000737,answer1
ARC_test_000738,answer1
ARC_test_000739,answer1
ARC_test_000740,answer1
ARC_test_000741,answer1
ARC_test_000742,answer1
ARC_test_000743,answer1
ARC_test_000744,answer1
ARC_test_000745,answer1
ARC_test_000746,answer1
ARC_test_000747,answer1
ARC_test_000748,answer1
ARC_test_000749,answer1
ARC_test_000750,answer1
ARC_test_000751,answer1
ARC_test_000752,answer1
ARC_test_000753,answer1
ARC_test_000754,answer1
ARC_test_000755,answer1
ARC_test_000756,answer1
ARC_test_000757,answer1
ARC_test_000758,answer1
ARC_test_000759,answer1
ARC_test_000760,answer1
ARC_test_000761,answer1
ARC_test_000762,answer1
ARC_test_000763,answer1
ARC_test_000764,answer1
ARC_test_000765,answer1
ARC_test_000766,answer1
ARC_test_000767,answer1
ARC_test_000768,answer1
ARC_test_000769,answer1
ARC_test_000770,answer1
ARC_test_000771,answer1
ARC_test_000772,answer1
ARC_test_000773,answer1
ARC_test_000774,answer1
ARC_test_000775,answer1
ARC_test_000776,answer1
ARC_test_000777,answer1
ARC_test_000778,answer1
ARC_test_000779,answer1
ARC_test_000780,answer1
ARC_test_000781,answer1
ARC_test_000782,answer1
ARC_test_000783,answer1
ARC_test_000784,answer1
ARC_test_000785,answer1
ARC_test_000786,answer1
ARC_test_000787,answer1
ARC_test_000788,answer1
ARC_test_000789,answer1
ARC_test_000790,answer1
ARC_test_000791,answer1
ARC_test_000792,answer1
ARC_test_000793,answer1
ARC_test_000794,answer1
ARC_test_000795,answer1
ARC_test_000796,answer1
ARC_test_000797,answer1
ARC_test_000798,answer1
ARC_test_000799,answer1
ARC_test_000800,answer1
ARC_test_000801,answer1
ARC_test_000802,answer1
ARC_test_000803,answer1
ARC_test_000804,answer1
ARC_test_000805,answer1
ARC_test_000806,answer1
ARC_test_000807,answer1
ARC_test_000808,answer1
ARC_test_000809,answer1
ARC_test_000810,answer1
ARC_test_000811,answer1
ARC_test_000812,answer1
ARC_test_000813,answer1
ARC_test_000814,answer1
ARC_test_000815,answer1
ARC_test_000816,answer1
ARC_test_000817,answer1
ARC_test_000818,answer1
ARC_test_000819,answer1
ARC_test_000820,answer1
ARC_test_000821,answer1
ARC_test_000822,answer1
ARC_test_000823,answer1
ARC_test_000824,answer1
ARC_test_000825,answer1
ARC_test_000826,answer1
ARC_test_000827,answer1
ARC_test_000828,answer1
ARC_test_000829,answer1
ARC_test_000830,answer1
ARC_test_000831,answer1
ARC_test_000832,answer1
ARC_test_000833,answer1
ARC_test_000834,answer1
ARC_test_000835,answer1
ARC_test_000836,answer1
ARC_test_000837,answer1
ARC_test_000838,answer1
ARC_test_000839,answer1
ARC_test_000840,answer1
ARC_test_000841,answer1
ARC_test_000842,answer1
ARC_test_000843,answer1
ARC_test_000844,answer1
ARC_test_000845,answer1
ARC_test_000846,answer1
ARC_test_000847,answer1
ARC_test_000848,answer1
ARC_test_000849,answer1
ARC_test_000850,answer1
ARC_test_000851,answer1
ARC_test_000852,answer1
ARC_test_000853,answer1
ARC_test_000854,answer1
ARC_test_000855,answer1
ARC_test_000856,answer1
ARC_test_000857,answer1
ARC_test_000858,answer1
ARC_test_000859,answer1
ARC_test_000860,answer1
ARC_test_000861,answer1
ARC_test_000862,answer1
ARC_test_000863,answer1
ARC_test_000864,answer1
ARC_test_000865,answer1
ARC_test_000866,answer1
ARC_test_000867,answer1
ARC_test_000868,answer1
ARC_test_000869,answer1
ARC_test_000870,answer1
ARC_test_000871,answer1
ARC_test_000872,answer1
ARC_test_000873,answer1
ARC_test_000874,answer1
ARC_test_000875,answer1
ARC_test_000876,answer1
ARC_test_000877,answer1
ARC_test_000878,answer1
ARC_test_000879,answer1
ARC_test_000880,answer1
ARC_test_000881,answer1
ARC_test_000882,answer1
ARC_test_000883,answer1
ARC_test_000884,answer1
ARC_test_000885,answer1
ARC_test_000886,answer1
ARC_test_000887,answer1
ARC_test_000888,answer1
ARC_test_000889,answer1
ARC_test_000890,answer1
ARC_test_000891,answer1
ARC_test_000892,answer1
ARC_test_000893,answer1
ARC_test_000894,answer1
ARC_test_000895,answer1
ARC_test_000896,answer1
ARC_test_000897,answer1
ARC_test_000898,answer1
ARC_test_000899,answer1
ARC_test_000900,answer1
ARC_test_000901,answer1
ARC_test_000902,answer1
ARC_test_000903,answer1
ARC_test_000904,answer1
ARC_test_000905,answer1
ARC_test_000906,answer1
ARC_test_000907,answer1
ARC_test_000908,answer1
ARC_test_000909,answer1
ARC_test_000910,answer1
ARC_test_000911,answer1
ARC_test_000912,answer1
ARC_test_000913,answer1
ARC_test_000914,answer1
ARC_test_000915,answer1
ARC_test_000916,answer1
ARC_test_000917,answer1
ARC_test_000918,answer1
ARC_test_000919,answer1
ARC_test_000920,answer1
ARC_test_000921,answer1
ARC_test_000922,answer1
ARC_test_000923,answer1
ARC_test_000924,answer1
ARC_test_000925,answer1
ARC_test_000926,answer1
ARC_test_000927,answer1
ARC_test_000928,answer1
ARC_test_000929,answer1
ARC_test_000930,answer1
ARC_test_000931,answer1
ARC_test_000932,answer1
ARC_test_000933,answer1
ARC_test_000934,answer1
ARC_test_000935,answer1
ARC_test_000936,answer1
ARC_test_000937,answer1
ARC_test_000938,answer1
ARC_test_000939,answer1
ARC_test_000940,answer1
ARC_test_000941,answer1
ARC_test_000942,answer1
ARC_test_000943,answer1
ARC_test_000944,answer1
ARC_test_000945,answer1
ARC_test_000946,answer1
ARC_test_000947,answer1
ARC_test_000948,answer1
ARC_test_000949,answer1
ARC_test_000950,answer1
ARC_test_000951,answer1
ARC_test_000952,answer1
ARC_test_000953,answer1
ARC_test_000954,answer1
ARC_test_000955,answer1
ARC_test_000956,answer1
ARC_test_000957,answer1
ARC_test_000958,answer1
ARC_test_000959,answer1
ARC_test_000960,answer1
ARC_test_000961,answer1
ARC_test_000962,answer1
ARC_test_000963,answer1
ARC_test_000964,answer1
ARC_test_000965,answer1
ARC_test_000966,answer1
ARC_test_000967,answer1
ARC_test_000968,answer1
ARC_test_000969,answer1
ARC_test_000970,answer1
ARC_test_000971,answer1
ARC_test_000972,answer1
ARC_test_000973,answer1
ARC_test_000974,answer1
ARC_test_000975,answer1
ARC_test_000976,answer1
ARC_test_000977,answer1
ARC_test_000978,answer1
ARC_test_000979,answer1
ARC_test_000980,answer1
ARC_test_000981,answer1
ARC_test_000982,answer1
ARC_test_000983,answer1
ARC_test_000984,answer1
ARC_test_000985,answer1
ARC_test_000986,answer1
ARC_test_000987,answer1
ARC_test_000988,answer1
ARC_test_000989,answer1
ARC_test_000990,answer1
ARC_test_000991,answer1
ARC_test_000992,answer1
ARC_test_000993,answer1
ARC_test_000994,answer1
ARC_test_000995,answer1
ARC_test_000996,answer1
ARC_test_000997,answer1
ARC_test_000998,answer1
ARC_test_000999,answer1
ARC_test_001000,answer1
ARC_test_001001,answer1
ARC_test_001002,answer1
ARC_test_001003,answer1
ARC_test_001004,answer1
ARC_test_001005,answer1
ARC_test_001006,answer1
ARC_test_001007,answer1
ARC_test_001008,answer1
ARC_test_001009,answer1
ARC_test_001010,answer1
ARC_test_001011,answer1
ARC_test_001012,answer1
ARC_test_001013,answer1
ARC_test_001014,answer1
ARC_test_001015,answer1
ARC_test_001016,answer1
ARC_test_001017,answer1
ARC_test_001018,answer1
ARC_test_001019,answer1
ARC_test_001020,answer1
ARC_test_001021,answer1
ARC_test_001022,answer1
ARC_test_001023,answer1
ARC_test_001024,answer1
ARC_test_001025,answer1
ARC_test_001026,answer1
ARC_test_001027,answer1
ARC_test_001028,answer1
ARC_test_001029,answer1
ARC_test_001030,answer1
ARC_test_001031,answer1
ARC_test_001032,answer1
ARC_test_001033,answer1
ARC_test_001034,answer1
ARC_test_001035,answer1
ARC_test_001036,answer1
ARC_test_001037,answer1
ARC_test_001038,answer1
ARC_test_001039,answer1
ARC_test_001040,answer1
ARC_test_001041,answer1
ARC_test_001042,answer1
ARC_test_001043,answer1
ARC_test_001044,answer1
ARC_test_001045,answer1
ARC_test_001046,answer1
ARC_test_001047,answer1
ARC_test_001048,answer1
ARC_test_001049,answer1
ARC_test_001050,answer1
ARC_test_001051,answer1
ARC_test_001052,answer1
ARC_test_001053,answer1
ARC_test_001054,answer1
ARC_test_001055,answer1
ARC_test_001056,answer1
ARC_test_001057,answer1
ARC_test_001058,answer1
ARC_test_001059,answer1
ARC_test_001060,answer1
ARC_test_001061,answer1
ARC_test_001062,answer1
ARC_test_001063,answer1
ARC_test_001064,answer1
ARC_test_001065,answer1
ARC_test_001066,answer1
ARC_test_001067,answer1
ARC_test_001068,answer1
ARC_test_001069,answer1
ARC_test_001070,answer1
ARC_test_001071,answer1
ARC_test_001072,answer1
ARC_test_001073,answer1
ARC_test_001074,answer1
ARC_test_001075,answer1
ARC_test_001076,answer1
ARC_test_001077,answer1
ARC_test_001078,answer1
ARC_test_001079,answer1
ARC_test_001080,answer1
ARC_test_001081,answer1
ARC_test_001082,answer1
ARC_test_001083,answer1
ARC_test_001084,answer1
ARC_test_001085,answer1
ARC_test_001086,answer1
ARC_test_001087,answer1
ARC_test_001088,answer1
ARC_test_001089,answer1
ARC_test_001090,answer1
ARC_test_001091,answer1
ARC_test_001092,answer1
ARC_test_001093,answer1
ARC_test_001094,answer1
ARC_test_001095,answer1
ARC_test_001096,answer1
ARC_test_001097,answer1
ARC_test_001098,answer1
ARC_test_001099,answer1
ARC_test_001100,answer1
ARC_test_001101,answer1
ARC_test_001102,answer1
ARC_test_001103,answer1
ARC_test_001104,answer1
ARC_test_001105,answer1
ARC_test_001106,answer1
ARC_test_001107,answer1
ARC_test_001108,answer1
ARC_test_001109,answer1
ARC_test_001110,answer1
ARC_test_001111,answer1
ARC_test_001112,answer1
ARC_test_001113,answer1
ARC_test_001114,answer1
ARC_test_001115,answer1
ARC_test_001116,answer1
ARC_test_001117,answer1
ARC_test_001118,answer1
ARC_test_001119,answer1
ARC_test_001120,answer1
ARC_test_001121,answer1
ARC_test_001122,answer1
ARC_test_001123,answer1
ARC_test_001124,answer1
ARC_test_001125,answer1
ARC_test_001126,answer1
ARC_test_001127,answer1
ARC_test_001128,answer1
ARC_test_001129,answer1
ARC_test_001130,answer1
ARC_test_001131,answer1
ARC_test_001132,answer1
ARC_test_001133,answer1
ARC_test_001134,answer1
ARC_test_001135,answer1
ARC_test_001136,answer1
ARC_test_001137,answer1
ARC_test_001138,answer1
ARC_test_001139,answer1
ARC_test_001140,answer1
ARC_test_001141,answer1
ARC_test_001142,answer1
ARC_test_001143,answer1
ARC_test_001144,answer1
ARC_test_001145,answer1
ARC_test_001146,answer1
ARC_test_001147,answer1
ARC_test_001148,answer1
ARC_test_001149,answer1
ARC_test_001150,answer1
ARC_test_001151,answer1
ARC_test_001152,answer1
ARC_test_001153,answer1
ARC_test_001154,answer1
ARC_test_001155,answer1
ARC_test_001156,answer1
ARC_test_001157,answer1
ARC_test_001158,answer1
ARC_test_001159,answer1
ARC_test_001160,answer1
ARC_test_001161,answer1
ARC_test_001162,answer1
ARC_test_001163,answer1
ARC_test_001164,answer1
ARC_test_001165,answer1
ARC_test_001166,answer1
ARC_test_001167,answer1
ARC_test_001168,answer1
ARC_test_001169,answer1
ARC_test_001170,answer1
ARC_test_001171,answer1
